operation,client,data,timestamp,value
get,blob,cilrate/blob,1669203495.286,NaN
put,blob,cilrate/blob,1669203495.286,NaN
putBatch,blob,cilrate/blob,1669203495.286,NaN
get,blob,cilrate/blob,1669203502.286,NaN
put,blob,cilrate/blob,1669203502.286,NaN
putBatch,blob,cilrate/blob,1669203502.286,NaN
get,blob,cilrate/blob,1669203509.286,NaN
put,blob,cilrate/blob,1669203509.286,NaN
putBatch,blob,cilrate/blob,1669203509.286,NaN
get,blob,cilrate/blob,1669203516.286,NaN
put,blob,cilrate/blob,1669203516.286,NaN
putBatch,blob,cilrate/blob,1669203516.286,NaN
get,blob,cilrate/blob,1669203523.286,0.002828023123744706
put,blob,cilrate/blob,1669203523.286,NaN
putBatch,blob,cilrate/blob,1669203523.286,0.0024086272001874304
get,blob,cilrate/blob,1669203530.286,0.00296378700263119
put,blob,cilrate/blob,1669203530.286,NaN
putBatch,blob,cilrate/blob,1669203530.286,0.002525427374979281
get,blob,cilrate/blob,1669203537.286,0.00601796821008235
put,blob,cilrate/blob,1669203537.286,NaN
putBatch,blob,cilrate/blob,1669203537.286,0.005177197647679275
get,blob,cilrate/blob,1669203544.286,0.006284022939514834
put,blob,cilrate/blob,1669203544.286,NaN
putBatch,blob,cilrate/blob,1669203544.286,0.00539046923784247
get,blob,cilrate/blob,1669203551.286,0.008061934701134569
put,blob,cilrate/blob,1669203551.286,NaN
putBatch,blob,cilrate/blob,1669203551.286,0.006934797517229607
get,blob,cilrate/blob,1669203558.286,0.009185100109051722
put,blob,cilrate/blob,1669203558.286,NaN
putBatch,blob,cilrate/blob,1669203558.286,0.007984840338102409
get,blob,cilrate/blob,1669203565.286,0.010771460335023266
put,blob,cilrate/blob,1669203565.286,NaN
putBatch,blob,cilrate/blob,1669203565.286,0.00934971818617704
get,blob,cilrate/blob,1669203572.286,0.010771460335023266
put,blob,cilrate/blob,1669203572.286,NaN
putBatch,blob,cilrate/blob,1669203572.286,0.00934971818617704
get,blob,cilrate/blob,1669203579.286,0.005065270081681546
put,blob,cilrate/blob,1669203579.286,NaN
putBatch,blob,cilrate/blob,1669203579.286,0.0040351134200631664
get,blob,cilrate/blob,1669203586.286,0.005065270081681546
put,blob,cilrate/blob,1669203586.286,NaN
putBatch,blob,cilrate/blob,1669203586.286,0.0040351134200631664
get,blob,cilrate/blob,1669203593.286,0.002149410236085896
put,blob,cilrate/blob,1669203593.286,NaN
putBatch,blob,cilrate/blob,1669203593.286,0.0017572030099482511
get,blob,cilrate/blob,1669203600.286,0.002149410236085896
put,blob,cilrate/blob,1669203600.286,NaN
putBatch,blob,cilrate/blob,1669203600.286,0.0017572030099482511
get,blob,cilrate/blob,1669203607.286,0.001897827483802239
put,blob,cilrate/blob,1669203607.286,NaN
putBatch,blob,cilrate/blob,1669203607.286,0.0016674875434543636
get,blob,cilrate/blob,1669203614.286,0.001897827483802239
put,blob,cilrate/blob,1669203614.286,NaN
putBatch,blob,cilrate/blob,1669203614.286,0.0016674875434543636
get,blob,cilrate/blob,1669203621.286,0.001897827483802239
put,blob,cilrate/blob,1669203621.286,NaN
putBatch,blob,cilrate/blob,1669203621.286,0.0016674875434543636
get,blob,cilrate/blob,1669203628.286,0.003222002282942899
put,blob,cilrate/blob,1669203628.286,NaN
putBatch,blob,cilrate/blob,1669203628.286,0.0027599649812661787
get,blob,cilrate/blob,1669203635.286,0.003222002282942899
put,blob,cilrate/blob,1669203635.286,NaN
putBatch,blob,cilrate/blob,1669203635.286,0.0027599649812661787
get,blob,cilrate/blob,1669203642.286,0.007219268539403743
put,blob,cilrate/blob,1669203642.286,NaN
putBatch,blob,cilrate/blob,1669203642.286,0.006110247891792887
get,blob,cilrate/blob,1669203649.286,0.007219268539403743
put,blob,cilrate/blob,1669203649.286,NaN
putBatch,blob,cilrate/blob,1669203649.286,0.006110247891792887
get,blob,cilrate/blob,1669203656.286,0.017952516425298402
put,blob,cilrate/blob,1669203656.286,NaN
putBatch,blob,cilrate/blob,1669203656.286,0.01659984010799182
get,blob,cilrate/blob,1669203663.286,0.017952516425298402
put,blob,cilrate/blob,1669203663.286,NaN
putBatch,blob,cilrate/blob,1669203663.286,0.01659984010799182
get,blob,cilrate/blob,1669203670.286,0.01289863600118113
put,blob,cilrate/blob,1669203670.286,NaN
putBatch,blob,cilrate/blob,1669203670.286,0.01112464427450237
get,blob,cilrate/blob,1669203677.286,0.01289863600118113
put,blob,cilrate/blob,1669203677.286,NaN
putBatch,blob,cilrate/blob,1669203677.286,0.01112464427450237
get,blob,cilrate/blob,1669203684.286,0.006571907642342625
put,blob,cilrate/blob,1669203684.286,NaN
putBatch,blob,cilrate/blob,1669203684.286,0.005465325471566857
get,blob,cilrate/blob,1669203691.286,0.006571907642342625
put,blob,cilrate/blob,1669203691.286,NaN
putBatch,blob,cilrate/blob,1669203691.286,0.005465325471566857
get,blob,cilrate/blob,1669203698.286,0.002516709682256404
put,blob,cilrate/blob,1669203698.286,NaN
putBatch,blob,cilrate/blob,1669203698.286,0.0020485477891701897
get,blob,cilrate/blob,1669203705.286,0.002516709682256404
put,blob,cilrate/blob,1669203705.286,NaN
putBatch,blob,cilrate/blob,1669203705.286,0.0020485477891701897
get,blob,cilrate/blob,1669203712.286,0.0018906884613345116
put,blob,cilrate/blob,1669203712.286,NaN
putBatch,blob,cilrate/blob,1669203712.286,0.0016762617565789473
get,blob,cilrate/blob,1669203719.286,0.0018906884613345116
put,blob,cilrate/blob,1669203719.286,NaN
putBatch,blob,cilrate/blob,1669203719.286,0.0016762617565789473
get,blob,cilrate/blob,1669203726.286,0.0018906884613345116
put,blob,cilrate/blob,1669203726.286,NaN
putBatch,blob,cilrate/blob,1669203726.286,0.0016762617565789473
get,blob,cilrate/blob,1669203733.286,0.003078793759001895
put,blob,cilrate/blob,1669203733.286,NaN
putBatch,blob,cilrate/blob,1669203733.286,0.0026097784855529287
get,blob,cilrate/blob,1669203740.286,0.003078793759001895
put,blob,cilrate/blob,1669203740.286,NaN
putBatch,blob,cilrate/blob,1669203740.286,0.0026097784855529287
get,blob,cilrate/blob,1669203747.286,0.008391792099494741
put,blob,cilrate/blob,1669203747.286,NaN
putBatch,blob,cilrate/blob,1669203747.286,0.007202771997558347
get,blob,cilrate/blob,1669203754.286,0.008391792099494741
put,blob,cilrate/blob,1669203754.286,NaN
putBatch,blob,cilrate/blob,1669203754.286,0.007202771997558347
get,blob,cilrate/blob,1669203761.286,0.014487292163808355
put,blob,cilrate/blob,1669203761.286,NaN
putBatch,blob,cilrate/blob,1669203761.286,0.012615179048259493
get,blob,cilrate/blob,1669203768.286,0.014487292163808355
put,blob,cilrate/blob,1669203768.286,NaN
putBatch,blob,cilrate/blob,1669203768.286,0.012615179048259493
get,blob,cilrate/blob,1669203775.286,0.011004642372298484
put,blob,cilrate/blob,1669203775.286,NaN
putBatch,blob,cilrate/blob,1669203775.286,0.009406121323961954
get,blob,cilrate/blob,1669203782.286,0.011004642372298484
put,blob,cilrate/blob,1669203782.286,NaN
putBatch,blob,cilrate/blob,1669203782.286,0.009406121323961954
get,blob,cilrate/blob,1669203789.286,0.005107900149911748
put,blob,cilrate/blob,1669203789.286,NaN
putBatch,blob,cilrate/blob,1669203789.286,0.004124190938973417
get,blob,cilrate/blob,1669203796.286,0.005107900149911748
put,blob,cilrate/blob,1669203796.286,NaN
putBatch,blob,cilrate/blob,1669203796.286,0.004124190938973417
get,blob,cilrate/blob,1669203803.286,0.0020816766702408014
put,blob,cilrate/blob,1669203803.286,NaN
putBatch,blob,cilrate/blob,1669203803.286,0.0017500934493314677
get,blob,cilrate/blob,1669203810.286,0.0020816766702408014
put,blob,cilrate/blob,1669203810.286,NaN
putBatch,blob,cilrate/blob,1669203810.286,0.0017500934493314677
get,blob,cilrate/blob,1669203817.286,0.0017263296750779952
put,blob,cilrate/blob,1669203817.286,NaN
putBatch,blob,cilrate/blob,1669203817.286,0.0015993503344882672
get,blob,cilrate/blob,1669203824.286,0.0017263296750779952
put,blob,cilrate/blob,1669203824.286,NaN
putBatch,blob,cilrate/blob,1669203824.286,0.0015993503344882672
get,blob,cilrate/blob,1669203831.286,0.0017263296750779952
put,blob,cilrate/blob,1669203831.286,NaN
putBatch,blob,cilrate/blob,1669203831.286,0.0015993503344882672
get,blob,cilrate/blob,1669203838.286,0.0024465523216186382
put,blob,cilrate/blob,1669203838.286,NaN
putBatch,blob,cilrate/blob,1669203838.286,0.0019988896586773104
get,blob,cilrate/blob,1669203845.286,0.0024465523216186382
put,blob,cilrate/blob,1669203845.286,NaN
putBatch,blob,cilrate/blob,1669203845.286,0.0019988896586773104
get,blob,cilrate/blob,1669203852.286,0.006397279045141899
put,blob,cilrate/blob,1669203852.286,NaN
putBatch,blob,cilrate/blob,1669203852.286,0.005329696743226538
get,blob,cilrate/blob,1669203859.286,0.006397279045141899
put,blob,cilrate/blob,1669203859.286,NaN
putBatch,blob,cilrate/blob,1669203859.286,0.005329696743226538
get,blob,cilrate/blob,1669203866.286,0.012054160971340752
put,blob,cilrate/blob,1669203866.286,NaN
putBatch,blob,cilrate/blob,1669203866.286,0.010474125997863726
get,blob,cilrate/blob,1669203873.286,0.012054160971340752
put,blob,cilrate/blob,1669203873.286,NaN
putBatch,blob,cilrate/blob,1669203873.286,0.010474125997863726
get,blob,cilrate/blob,1669203880.286,0.010968937943818799
put,blob,cilrate/blob,1669203880.286,NaN
putBatch,blob,cilrate/blob,1669203880.286,0.009387968828658954
get,blob,cilrate/blob,1669203887.286,0.010968937943818799
put,blob,cilrate/blob,1669203887.286,NaN
putBatch,blob,cilrate/blob,1669203887.286,0.009387968828658954
get,blob,cilrate/blob,1669203894.286,0.00833422099998603
put,blob,cilrate/blob,1669203894.286,NaN
putBatch,blob,cilrate/blob,1669203894.286,0.007003382638976389
get,blob,cilrate/blob,1669203901.286,0.00833422099998603
put,blob,cilrate/blob,1669203901.286,NaN
putBatch,blob,cilrate/blob,1669203901.286,0.007003382638976389
get,blob,cilrate/blob,1669203908.286,0.004130025776544068
put,blob,cilrate/blob,1669203908.286,NaN
putBatch,blob,cilrate/blob,1669203908.286,0.003455800689565701
get,blob,cilrate/blob,1669203915.286,0.004130025776544068
put,blob,cilrate/blob,1669203915.286,NaN
putBatch,blob,cilrate/blob,1669203915.286,0.003455800689565701
get,blob,cilrate/blob,1669203922.286,0.0024140508849316887
put,blob,cilrate/blob,1669203922.286,NaN
putBatch,blob,cilrate/blob,1669203922.286,0.001984292729684311
get,blob,cilrate/blob,1669203929.286,0.0024140508849316887
put,blob,cilrate/blob,1669203929.286,NaN
putBatch,blob,cilrate/blob,1669203929.286,0.001984292729684311
get,blob,cilrate/blob,1669203936.286,0.0024140508849316887
put,blob,cilrate/blob,1669203936.286,NaN
putBatch,blob,cilrate/blob,1669203936.286,0.001984292729684311
get,blob,cilrate/blob,1669203943.286,0.002456465485940663
put,blob,cilrate/blob,1669203943.286,NaN
putBatch,blob,cilrate/blob,1669203943.286,0.0019910476375555554
get,blob,cilrate/blob,1669203950.286,0.002456465485940663
put,blob,cilrate/blob,1669203950.286,NaN
putBatch,blob,cilrate/blob,1669203950.286,0.0019910476375555554
get,blob,cilrate/blob,1669203957.286,0.007334743224177167
put,blob,cilrate/blob,1669203957.286,NaN
putBatch,blob,cilrate/blob,1669203957.286,0.006112808983144259
get,blob,cilrate/blob,1669203964.286,0.007334743224177167
put,blob,cilrate/blob,1669203964.286,NaN
putBatch,blob,cilrate/blob,1669203964.286,0.006112808983144259
get,blob,cilrate/blob,1669203971.286,0.01244030088334638
put,blob,cilrate/blob,1669203971.286,NaN
putBatch,blob,cilrate/blob,1669203971.286,0.010833769670511154
get,blob,cilrate/blob,1669203978.286,0.01244030088334638
put,blob,cilrate/blob,1669203978.286,NaN
putBatch,blob,cilrate/blob,1669203978.286,0.010833769670511154
get,blob,cilrate/blob,1669203985.286,0.014926701781538178
put,blob,cilrate/blob,1669203985.286,NaN
putBatch,blob,cilrate/blob,1669203985.286,0.013208992373016875
get,blob,cilrate/blob,1669203992.286,0.014926701781538178
put,blob,cilrate/blob,1669203992.286,NaN
putBatch,blob,cilrate/blob,1669203992.286,0.013208992373016875
get,blob,cilrate/blob,1669203999.286,0.008691970126034862
put,blob,cilrate/blob,1669203999.286,NaN
putBatch,blob,cilrate/blob,1669203999.286,0.007287036144023708
get,blob,cilrate/blob,1669204006.286,0.008691970126034862
put,blob,cilrate/blob,1669204006.286,NaN
putBatch,blob,cilrate/blob,1669204006.286,0.007287036144023708
get,blob,cilrate/blob,1669204013.286,0.00515001695295203
put,blob,cilrate/blob,1669204013.286,NaN
putBatch,blob,cilrate/blob,1669204013.286,0.004196389329287042
get,blob,cilrate/blob,1669204020.286,0.00515001695295203
put,blob,cilrate/blob,1669204020.286,NaN
putBatch,blob,cilrate/blob,1669204020.286,0.004196389329287042
get,blob,cilrate/blob,1669204027.286,0.002175358784951349
put,blob,cilrate/blob,1669204027.286,NaN
putBatch,blob,cilrate/blob,1669204027.286,0.0017562884777271828
get,blob,cilrate/blob,1669204034.286,0.002175358784951349
put,blob,cilrate/blob,1669204034.286,NaN
putBatch,blob,cilrate/blob,1669204034.286,0.0017562884777271828
get,blob,cilrate/blob,1669204041.286,0.002175358784951349
put,blob,cilrate/blob,1669204041.286,NaN
putBatch,blob,cilrate/blob,1669204041.286,0.0017562884777271828
get,blob,cilrate/blob,1669204048.286,0.0023949399780161633
put,blob,cilrate/blob,1669204048.286,NaN
putBatch,blob,cilrate/blob,1669204048.286,0.0019012628675780644
get,blob,cilrate/blob,1669204055.286,0.0023949399780161633
put,blob,cilrate/blob,1669204055.286,NaN
putBatch,blob,cilrate/blob,1669204055.286,0.0019012628675780644
get,blob,cilrate/blob,1669204062.286,0.006356502887648464
put,blob,cilrate/blob,1669204062.286,NaN
putBatch,blob,cilrate/blob,1669204062.286,0.0050217666709599625
get,blob,cilrate/blob,1669204069.286,0.006356502887648464
put,blob,cilrate/blob,1669204069.286,NaN
putBatch,blob,cilrate/blob,1669204069.286,0.0050217666709599625
get,blob,cilrate/blob,1669204076.286,0.012829175550597293
put,blob,cilrate/blob,1669204076.286,NaN
putBatch,blob,cilrate/blob,1669204076.286,0.010755168344496099
get,blob,cilrate/blob,1669204083.286,0.012829175550597293
put,blob,cilrate/blob,1669204083.286,NaN
putBatch,blob,cilrate/blob,1669204083.286,0.010755168344496099
get,blob,cilrate/blob,1669204090.286,0.014178857106271562
put,blob,cilrate/blob,1669204090.286,NaN
putBatch,blob,cilrate/blob,1669204090.286,0.012115965114682724
get,blob,cilrate/blob,1669204097.286,0.014178857106271562
put,blob,cilrate/blob,1669204097.286,NaN
putBatch,blob,cilrate/blob,1669204097.286,0.012115965114682724
get,blob,cilrate/blob,1669204104.286,0.007989277230056845
put,blob,cilrate/blob,1669204104.286,NaN
putBatch,blob,cilrate/blob,1669204104.286,0.0066817347229080944
get,blob,cilrate/blob,1669204111.286,0.007989277230056845
put,blob,cilrate/blob,1669204111.286,NaN
putBatch,blob,cilrate/blob,1669204111.286,0.0066817347229080944
get,blob,cilrate/blob,1669204118.286,0.003729616710526316
put,blob,cilrate/blob,1669204118.286,NaN
putBatch,blob,cilrate/blob,1669204118.286,0.0030421524967191916
get,blob,cilrate/blob,1669204125.286,0.003729616710526316
put,blob,cilrate/blob,1669204125.286,NaN
putBatch,blob,cilrate/blob,1669204125.286,0.0030421524967191916
get,blob,cilrate/blob,1669204132.286,0.0021546633801944274
put,blob,cilrate/blob,1669204132.286,NaN
putBatch,blob,cilrate/blob,1669204132.286,0.0017334155483783701
get,blob,cilrate/blob,1669204139.286,0.0021546633801944274
put,blob,cilrate/blob,1669204139.286,NaN
putBatch,blob,cilrate/blob,1669204139.286,0.0017334155483783701
get,blob,cilrate/blob,1669204146.286,0.0021546633801944274
put,blob,cilrate/blob,1669204146.286,NaN
putBatch,blob,cilrate/blob,1669204146.286,0.0017334155483783701
get,blob,cilrate/blob,1669204153.286,0.0024403451871637203
put,blob,cilrate/blob,1669204153.286,NaN
putBatch,blob,cilrate/blob,1669204153.286,0.0018972493819993611
get,blob,cilrate/blob,1669204160.286,0.0024403451871637203
put,blob,cilrate/blob,1669204160.286,NaN
putBatch,blob,cilrate/blob,1669204160.286,0.0018972493819993611
get,blob,cilrate/blob,1669204167.286,0.007830471221720921
put,blob,cilrate/blob,1669204167.286,NaN
putBatch,blob,cilrate/blob,1669204167.286,0.006302261947590593
get,blob,cilrate/blob,1669204174.286,0.007830471221720921
put,blob,cilrate/blob,1669204174.286,NaN
putBatch,blob,cilrate/blob,1669204174.286,0.006302261947590593
get,blob,cilrate/blob,1669204181.286,0.012443590862925728
put,blob,cilrate/blob,1669204181.286,NaN
putBatch,blob,cilrate/blob,1669204181.286,0.010598556964158581
get,blob,cilrate/blob,1669204188.286,0.012443590862925728
put,blob,cilrate/blob,1669204188.286,NaN
putBatch,blob,cilrate/blob,1669204188.286,0.010598556964158581
get,blob,cilrate/blob,1669204195.286,0.013547057247809762
put,blob,cilrate/blob,1669204195.286,NaN
putBatch,blob,cilrate/blob,1669204195.286,0.011869103192952372
get,blob,cilrate/blob,1669204202.286,0.013547057247809762
put,blob,cilrate/blob,1669204202.286,NaN
putBatch,blob,cilrate/blob,1669204202.286,0.011869103192952372
get,blob,cilrate/blob,1669204209.286,0.0081989037361983
put,blob,cilrate/blob,1669204209.286,NaN
putBatch,blob,cilrate/blob,1669204209.286,0.006869526131156451
get,blob,cilrate/blob,1669204216.286,0.0081989037361983
put,blob,cilrate/blob,1669204216.286,NaN
putBatch,blob,cilrate/blob,1669204216.286,0.006869526131156451
get,blob,cilrate/blob,1669204223.286,0.004406932159370831
put,blob,cilrate/blob,1669204223.286,NaN
putBatch,blob,cilrate/blob,1669204223.286,0.0035395859903071297
get,blob,cilrate/blob,1669204230.286,0.004406932159370831
put,blob,cilrate/blob,1669204230.286,NaN
putBatch,blob,cilrate/blob,1669204230.286,0.0035395859903071297
get,blob,cilrate/blob,1669204237.286,0.0024345336923076925
put,blob,cilrate/blob,1669204237.286,NaN
putBatch,blob,cilrate/blob,1669204237.286,0.0018466586645962217
get,blob,cilrate/blob,1669204244.286,0.0024345336923076925
put,blob,cilrate/blob,1669204244.286,NaN
putBatch,blob,cilrate/blob,1669204244.286,0.0018466586645962217
get,blob,cilrate/blob,1669204251.286,0.0024345336923076925
put,blob,cilrate/blob,1669204251.286,NaN
putBatch,blob,cilrate/blob,1669204251.286,0.0018466586645962217
get,blob,cilrate/blob,1669204258.286,0.0030221050145985396
put,blob,cilrate/blob,1669204258.286,NaN
putBatch,blob,cilrate/blob,1669204258.286,0.0020803367410226555
get,blob,cilrate/blob,1669204265.286,0.0030221050145985396
put,blob,cilrate/blob,1669204265.286,NaN
putBatch,blob,cilrate/blob,1669204265.286,0.0020803367410226555
get,blob,cilrate/blob,1669204272.286,0.007706112299090946
put,blob,cilrate/blob,1669204272.286,NaN
putBatch,blob,cilrate/blob,1669204272.286,0.005839305612521893
get,blob,cilrate/blob,1669204279.286,0.007706112299090946
put,blob,cilrate/blob,1669204279.286,NaN
putBatch,blob,cilrate/blob,1669204279.286,0.005839305612521893
get,blob,cilrate/blob,1669204286.286,0.013769650555731774
put,blob,cilrate/blob,1669204286.286,NaN
putBatch,blob,cilrate/blob,1669204286.286,0.011850844981930859
get,blob,cilrate/blob,1669204293.286,0.013769650555731774
put,blob,cilrate/blob,1669204293.286,NaN
putBatch,blob,cilrate/blob,1669204293.286,0.011850844981930859
get,blob,cilrate/blob,1669204300.286,0.01573884739175183
put,blob,cilrate/blob,1669204300.286,NaN
putBatch,blob,cilrate/blob,1669204300.286,0.013816175617220301
get,blob,cilrate/blob,1669204307.286,0.01573884739175183
put,blob,cilrate/blob,1669204307.286,NaN
putBatch,blob,cilrate/blob,1669204307.286,0.013816175617220301
get,blob,cilrate/blob,1669204314.286,0.011989771585975707
put,blob,cilrate/blob,1669204314.286,NaN
putBatch,blob,cilrate/blob,1669204314.286,0.010068390674727114
get,blob,cilrate/blob,1669204321.286,0.011989771585975707
put,blob,cilrate/blob,1669204321.286,NaN
putBatch,blob,cilrate/blob,1669204321.286,0.010068390674727114
get,blob,cilrate/blob,1669204328.286,0.005580996187753932
put,blob,cilrate/blob,1669204328.286,NaN
putBatch,blob,cilrate/blob,1669204328.286,0.0045889584567596455
get,blob,cilrate/blob,1669204335.286,0.005580996187753932
put,blob,cilrate/blob,1669204335.286,NaN
putBatch,blob,cilrate/blob,1669204335.286,0.0045889584567596455
get,blob,cilrate/blob,1669204342.286,0.0027458004505494502
put,blob,cilrate/blob,1669204342.286,NaN
putBatch,blob,cilrate/blob,1669204342.286,0.0020851965714285712
get,blob,cilrate/blob,1669204349.286,0.0027458004505494502
put,blob,cilrate/blob,1669204349.286,NaN
putBatch,blob,cilrate/blob,1669204349.286,0.0020851965714285712
get,blob,cilrate/blob,1669204356.286,0.0027458004505494502
put,blob,cilrate/blob,1669204356.286,NaN
putBatch,blob,cilrate/blob,1669204356.286,0.0020851965714285712
get,blob,cilrate/blob,1669204363.286,0.002342380454007731
put,blob,cilrate/blob,1669204363.286,NaN
putBatch,blob,cilrate/blob,1669204363.286,0.0017794915610546975
get,blob,cilrate/blob,1669204370.286,0.002342380454007731
put,blob,cilrate/blob,1669204370.286,NaN
putBatch,blob,cilrate/blob,1669204370.286,0.0017794915610546975
get,blob,cilrate/blob,1669204377.286,0.004442332494711539
put,blob,cilrate/blob,1669204377.286,NaN
putBatch,blob,cilrate/blob,1669204377.286,0.003415907744506643
get,blob,cilrate/blob,1669204384.286,0.004442332494711539
put,blob,cilrate/blob,1669204384.286,NaN
putBatch,blob,cilrate/blob,1669204384.286,0.003415907744506643
get,blob,cilrate/blob,1669204391.286,0.008944758827002014
put,blob,cilrate/blob,1669204391.286,NaN
putBatch,blob,cilrate/blob,1669204391.286,0.0076390221708521056
get,blob,cilrate/blob,1669204398.286,0.008944758827002014
put,blob,cilrate/blob,1669204398.286,NaN
putBatch,blob,cilrate/blob,1669204398.286,0.0076390221708521056
get,blob,cilrate/blob,1669204405.286,0.013931262801452782
put,blob,cilrate/blob,1669204405.286,NaN
putBatch,blob,cilrate/blob,1669204405.286,0.012404860134751772
get,blob,cilrate/blob,1669204412.286,0.013931262801452782
put,blob,cilrate/blob,1669204412.286,NaN
putBatch,blob,cilrate/blob,1669204412.286,0.012404860134751772
get,blob,cilrate/blob,1669204419.286,0.012061407705347832
put,blob,cilrate/blob,1669204419.286,NaN
putBatch,blob,cilrate/blob,1669204419.286,0.010626404608336266
get,blob,cilrate/blob,1669204426.286,0.012061407705347832
put,blob,cilrate/blob,1669204426.286,NaN
putBatch,blob,cilrate/blob,1669204426.286,0.010626404608336266
get,blob,cilrate/blob,1669204433.286,0.007729703060753237
put,blob,cilrate/blob,1669204433.286,NaN
putBatch,blob,cilrate/blob,1669204433.286,0.006412549774268692
get,blob,cilrate/blob,1669204440.286,0.007729703060753237
put,blob,cilrate/blob,1669204440.286,NaN
putBatch,blob,cilrate/blob,1669204440.286,0.006412549774268692
get,blob,cilrate/blob,1669204447.286,0.003858605527106715
put,blob,cilrate/blob,1669204447.286,NaN
putBatch,blob,cilrate/blob,1669204447.286,0.0030178831455505285
get,blob,cilrate/blob,1669204454.286,0.003858605527106715
put,blob,cilrate/blob,1669204454.286,NaN
putBatch,blob,cilrate/blob,1669204454.286,0.0030178831455505285
get,blob,cilrate/blob,1669204461.286,0.003858605527106715
put,blob,cilrate/blob,1669204461.286,NaN
putBatch,blob,cilrate/blob,1669204461.286,0.0030178831455505285
get,blob,cilrate/blob,1669204468.286,0.0027979086201889995
put,blob,cilrate/blob,1669204468.286,NaN
putBatch,blob,cilrate/blob,1669204468.286,0.0020938644530356723
get,blob,cilrate/blob,1669204475.286,0.0027979086201889995
put,blob,cilrate/blob,1669204475.286,NaN
putBatch,blob,cilrate/blob,1669204475.286,0.0020938644530356723
get,blob,cilrate/blob,1669204482.286,0.004446468480211244
put,blob,cilrate/blob,1669204482.286,NaN
putBatch,blob,cilrate/blob,1669204482.286,0.0035012907156559843
get,blob,cilrate/blob,1669204489.286,0.004446468480211244
put,blob,cilrate/blob,1669204489.286,NaN
putBatch,blob,cilrate/blob,1669204489.286,0.0035012907156559843
get,blob,cilrate/blob,1669204496.286,0.00925635491686844
put,blob,cilrate/blob,1669204496.286,NaN
putBatch,blob,cilrate/blob,1669204496.286,0.007768575858448893
get,blob,cilrate/blob,1669204503.286,0.00925635491686844
put,blob,cilrate/blob,1669204503.286,NaN
putBatch,blob,cilrate/blob,1669204503.286,0.007768575858448893
get,blob,cilrate/blob,1669204510.286,0.011844148664968334
put,blob,cilrate/blob,1669204510.286,NaN
putBatch,blob,cilrate/blob,1669204510.286,0.010349572185692898
get,blob,cilrate/blob,1669204517.286,0.011844148664968334
put,blob,cilrate/blob,1669204517.286,NaN
putBatch,blob,cilrate/blob,1669204517.286,0.010349572185692898
get,blob,cilrate/blob,1669204524.286,0.011708420073380816
put,blob,cilrate/blob,1669204524.286,NaN
putBatch,blob,cilrate/blob,1669204524.286,0.01017660148219386
get,blob,cilrate/blob,1669204531.286,0.011708420073380816
put,blob,cilrate/blob,1669204531.286,NaN
putBatch,blob,cilrate/blob,1669204531.286,0.01017660148219386
get,blob,cilrate/blob,1669204538.286,0.006874671605678305
put,blob,cilrate/blob,1669204538.286,NaN
putBatch,blob,cilrate/blob,1669204538.286,0.005689678578042828
get,blob,cilrate/blob,1669204545.286,0.006874671605678305
put,blob,cilrate/blob,1669204545.286,NaN
putBatch,blob,cilrate/blob,1669204545.286,0.005689678578042828
get,blob,cilrate/blob,1669204552.286,0.0037424287210620893
put,blob,cilrate/blob,1669204552.286,NaN
putBatch,blob,cilrate/blob,1669204552.286,0.002940421922764419
get,blob,cilrate/blob,1669204559.286,0.0037424287210620893
put,blob,cilrate/blob,1669204559.286,NaN
putBatch,blob,cilrate/blob,1669204559.286,0.002940421922764419
get,blob,cilrate/blob,1669204566.286,0.0037424287210620893
put,blob,cilrate/blob,1669204566.286,NaN
putBatch,blob,cilrate/blob,1669204566.286,0.002940421922764419
get,blob,cilrate/blob,1669204573.286,0.0022022348791891255
put,blob,cilrate/blob,1669204573.286,NaN
putBatch,blob,cilrate/blob,1669204573.286,0.0017361441244810201
get,blob,cilrate/blob,1669204580.286,0.0022022348791891255
put,blob,cilrate/blob,1669204580.286,NaN
putBatch,blob,cilrate/blob,1669204580.286,0.0017361441244810201
get,blob,cilrate/blob,1669204587.286,0.0030308419642637884
put,blob,cilrate/blob,1669204587.286,NaN
putBatch,blob,cilrate/blob,1669204587.286,0.002413330474772634
get,blob,cilrate/blob,1669204594.286,0.0030308419642637884
put,blob,cilrate/blob,1669204594.286,NaN
putBatch,blob,cilrate/blob,1669204594.286,0.002413330474772634
get,blob,cilrate/blob,1669204601.286,0.007855488403445542
put,blob,cilrate/blob,1669204601.286,NaN
putBatch,blob,cilrate/blob,1669204601.286,0.006550505702117567
get,blob,cilrate/blob,1669204608.286,0.007855488403445542
put,blob,cilrate/blob,1669204608.286,NaN
putBatch,blob,cilrate/blob,1669204608.286,0.006550505702117567
get,blob,cilrate/blob,1669204615.286,0.015238997820396928
put,blob,cilrate/blob,1669204615.286,NaN
putBatch,blob,cilrate/blob,1669204615.286,0.013237274612400343
get,blob,cilrate/blob,1669204622.286,0.015238997820396928
put,blob,cilrate/blob,1669204622.286,NaN
putBatch,blob,cilrate/blob,1669204622.286,0.013237274612400343
get,blob,cilrate/blob,1669204629.286,0.019191196175147647
put,blob,cilrate/blob,1669204629.286,NaN
putBatch,blob,cilrate/blob,1669204629.286,0.01752484741248674
get,blob,cilrate/blob,1669204636.286,0.019191196175147647
put,blob,cilrate/blob,1669204636.286,NaN
putBatch,blob,cilrate/blob,1669204636.286,0.01752484741248674
get,blob,cilrate/blob,1669204643.286,0.012407998350956264
put,blob,cilrate/blob,1669204643.286,NaN
putBatch,blob,cilrate/blob,1669204643.286,0.010788454802318635
get,blob,cilrate/blob,1669204650.286,0.012407998350956264
put,blob,cilrate/blob,1669204650.286,NaN
putBatch,blob,cilrate/blob,1669204650.286,0.010788454802318635
get,blob,cilrate/blob,1669204657.286,0.005461913450656647
put,blob,cilrate/blob,1669204657.286,NaN
putBatch,blob,cilrate/blob,1669204657.286,0.004525577606675882
get,blob,cilrate/blob,1669204664.286,0.005461913450656647
put,blob,cilrate/blob,1669204664.286,NaN
putBatch,blob,cilrate/blob,1669204664.286,0.004525577606675882
get,blob,cilrate/blob,1669204671.286,0.005461913450656647
put,blob,cilrate/blob,1669204671.286,NaN
putBatch,blob,cilrate/blob,1669204671.286,0.004525577606675882
get,blob,cilrate/blob,1669204678.286,0.0026585709611009417
put,blob,cilrate/blob,1669204678.286,NaN
putBatch,blob,cilrate/blob,1669204678.286,0.002067866005688563
get,blob,cilrate/blob,1669204685.286,0.0026585709611009417
put,blob,cilrate/blob,1669204685.286,NaN
putBatch,blob,cilrate/blob,1669204685.286,0.002067866005688563
get,blob,cilrate/blob,1669204692.286,0.002466841097547621
put,blob,cilrate/blob,1669204692.286,NaN
putBatch,blob,cilrate/blob,1669204692.286,0.0019329670561115083
get,blob,cilrate/blob,1669204699.286,0.002466841097547621
put,blob,cilrate/blob,1669204699.286,NaN
putBatch,blob,cilrate/blob,1669204699.286,0.0019329670561115083
get,blob,cilrate/blob,1669204706.286,0.0064239159530351765
put,blob,cilrate/blob,1669204706.286,NaN
putBatch,blob,cilrate/blob,1669204706.286,0.005155147389393426
get,blob,cilrate/blob,1669204713.286,0.0064239159530351765
put,blob,cilrate/blob,1669204713.286,NaN
putBatch,blob,cilrate/blob,1669204713.286,0.005155147389393426
get,blob,cilrate/blob,1669204720.286,0.010176175179785085
put,blob,cilrate/blob,1669204720.286,NaN
putBatch,blob,cilrate/blob,1669204720.286,0.00868820007142857
get,blob,cilrate/blob,1669204727.286,0.010176175179785085
put,blob,cilrate/blob,1669204727.286,NaN
putBatch,blob,cilrate/blob,1669204727.286,0.00868820007142857
get,blob,cilrate/blob,1669204734.286,0.01916299830734767
put,blob,cilrate/blob,1669204734.286,NaN
putBatch,blob,cilrate/blob,1669204734.286,0.018124476200872583
get,blob,cilrate/blob,1669204741.286,0.01916299830734767
put,blob,cilrate/blob,1669204741.286,NaN
putBatch,blob,cilrate/blob,1669204741.286,0.018124476200872583
get,blob,cilrate/blob,1669204748.286,0.01304427548745893
put,blob,cilrate/blob,1669204748.286,NaN
putBatch,blob,cilrate/blob,1669204748.286,0.011794597755758241
get,blob,cilrate/blob,1669204755.286,0.01304427548745893
put,blob,cilrate/blob,1669204755.286,NaN
putBatch,blob,cilrate/blob,1669204755.286,0.011794597755758241
get,blob,cilrate/blob,1669204762.286,0.00854372751576487
put,blob,cilrate/blob,1669204762.286,NaN
putBatch,blob,cilrate/blob,1669204762.286,0.007280029235230437
get,blob,cilrate/blob,1669204769.286,0.00854372751576487
put,blob,cilrate/blob,1669204769.286,NaN
putBatch,blob,cilrate/blob,1669204769.286,0.007280029235230437
get,blob,cilrate/blob,1669204776.286,0.00854372751576487
put,blob,cilrate/blob,1669204776.286,NaN
putBatch,blob,cilrate/blob,1669204776.286,0.007280029235230437
get,blob,cilrate/blob,1669204783.286,0.0037168761588611157
put,blob,cilrate/blob,1669204783.286,NaN
putBatch,blob,cilrate/blob,1669204783.286,0.0029963398976573102
get,blob,cilrate/blob,1669204790.286,0.0037168761588611157
put,blob,cilrate/blob,1669204790.286,NaN
putBatch,blob,cilrate/blob,1669204790.286,0.0029963398976573102
get,blob,cilrate/blob,1669204797.286,0.002532606556288173
put,blob,cilrate/blob,1669204797.286,NaN
putBatch,blob,cilrate/blob,1669204797.286,0.0019802346080355277
get,blob,cilrate/blob,1669204804.286,0.002532606556288173
put,blob,cilrate/blob,1669204804.286,NaN
putBatch,blob,cilrate/blob,1669204804.286,0.0019802346080355277
get,blob,cilrate/blob,1669204811.286,0.0036176378693009116
put,blob,cilrate/blob,1669204811.286,NaN
putBatch,blob,cilrate/blob,1669204811.286,0.002835026960533194
get,blob,cilrate/blob,1669204818.286,0.0036176378693009116
put,blob,cilrate/blob,1669204818.286,NaN
putBatch,blob,cilrate/blob,1669204818.286,0.002835026960533194
get,blob,cilrate/blob,1669204825.286,0.011724028571299939
put,blob,cilrate/blob,1669204825.286,NaN
putBatch,blob,cilrate/blob,1669204825.286,0.00990069845729922
get,blob,cilrate/blob,1669204832.286,0.011724028571299939
put,blob,cilrate/blob,1669204832.286,NaN
putBatch,blob,cilrate/blob,1669204832.286,0.00990069845729922
get,blob,cilrate/blob,1669204839.286,0.017672648100313482
put,blob,cilrate/blob,1669204839.286,NaN
putBatch,blob,cilrate/blob,1669204839.286,0.016429202008651767
get,blob,cilrate/blob,1669204846.286,0.017672648100313482
put,blob,cilrate/blob,1669204846.286,NaN
putBatch,blob,cilrate/blob,1669204846.286,0.016429202008651767
get,blob,cilrate/blob,1669204853.286,0.01631155158239088
put,blob,cilrate/blob,1669204853.286,NaN
putBatch,blob,cilrate/blob,1669204853.286,0.01519325416214605
get,blob,cilrate/blob,1669204860.286,0.01631155158239088
put,blob,cilrate/blob,1669204860.286,NaN
putBatch,blob,cilrate/blob,1669204860.286,0.01519325416214605
get,blob,cilrate/blob,1669204867.286,0.007508005845997699
put,blob,cilrate/blob,1669204867.286,NaN
putBatch,blob,cilrate/blob,1669204867.286,0.00637732027922625
get,blob,cilrate/blob,1669204874.286,0.007508005845997699
put,blob,cilrate/blob,1669204874.286,NaN
putBatch,blob,cilrate/blob,1669204874.286,0.00637732027922625
get,blob,cilrate/blob,1669204881.286,0.007508005845997699
put,blob,cilrate/blob,1669204881.286,NaN
putBatch,blob,cilrate/blob,1669204881.286,0.00637732027922625
get,blob,cilrate/blob,1669204888.286,0.0036806523838863953
put,blob,cilrate/blob,1669204888.286,NaN
putBatch,blob,cilrate/blob,1669204888.286,0.002995947841907017
get,blob,cilrate/blob,1669204895.286,0.0036806523838863953
put,blob,cilrate/blob,1669204895.286,NaN
putBatch,blob,cilrate/blob,1669204895.286,0.002995947841907017
get,blob,cilrate/blob,1669204902.286,0.0024988002823249475
put,blob,cilrate/blob,1669204902.286,NaN
putBatch,blob,cilrate/blob,1669204902.286,0.0019538275689387286
get,blob,cilrate/blob,1669204909.286,0.0024988002823249475
put,blob,cilrate/blob,1669204909.286,NaN
putBatch,blob,cilrate/blob,1669204909.286,0.0019538275689387286
get,blob,cilrate/blob,1669204916.286,0.0036562792235294126
put,blob,cilrate/blob,1669204916.286,NaN
putBatch,blob,cilrate/blob,1669204916.286,0.0027571488557504875
get,blob,cilrate/blob,1669204923.286,0.0036562792235294126
put,blob,cilrate/blob,1669204923.286,NaN
putBatch,blob,cilrate/blob,1669204923.286,0.0027571488557504875
get,blob,cilrate/blob,1669204930.286,0.008156663331898278
put,blob,cilrate/blob,1669204930.286,NaN
putBatch,blob,cilrate/blob,1669204930.286,0.006374408848306256
get,blob,cilrate/blob,1669204937.286,0.008156663331898278
put,blob,cilrate/blob,1669204937.286,NaN
putBatch,blob,cilrate/blob,1669204937.286,0.006374408848306256
get,blob,cilrate/blob,1669204944.286,0.01412247722832082
put,blob,cilrate/blob,1669204944.286,NaN
putBatch,blob,cilrate/blob,1669204944.286,0.011820564062099354
get,blob,cilrate/blob,1669204951.286,0.01412247722832082
put,blob,cilrate/blob,1669204951.286,NaN
putBatch,blob,cilrate/blob,1669204951.286,0.011820564062099354
get,blob,cilrate/blob,1669204958.286,0.014270117351844207
put,blob,cilrate/blob,1669204958.286,NaN
putBatch,blob,cilrate/blob,1669204958.286,0.012310696249911804
get,blob,cilrate/blob,1669204965.286,0.014270117351844207
put,blob,cilrate/blob,1669204965.286,NaN
putBatch,blob,cilrate/blob,1669204965.286,0.012310696249911804
get,blob,cilrate/blob,1669204972.286,0.011232995574066762
put,blob,cilrate/blob,1669204972.286,NaN
putBatch,blob,cilrate/blob,1669204972.286,0.00961545091040385
get,blob,cilrate/blob,1669204979.286,0.011232995574066762
put,blob,cilrate/blob,1669204979.286,NaN
putBatch,blob,cilrate/blob,1669204979.286,0.00961545091040385
get,blob,cilrate/blob,1669204986.286,0.011232995574066762
put,blob,cilrate/blob,1669204986.286,NaN
putBatch,blob,cilrate/blob,1669204986.286,0.00961545091040385
get,blob,cilrate/blob,1669204993.286,0.005090115828249495
put,blob,cilrate/blob,1669204993.286,NaN
putBatch,blob,cilrate/blob,1669204993.286,0.004131137822477547
get,blob,cilrate/blob,1669205000.286,0.005090115828249495
put,blob,cilrate/blob,1669205000.286,NaN
putBatch,blob,cilrate/blob,1669205000.286,0.004131137822477547
get,blob,cilrate/blob,1669205007.286,0.002678430044955308
put,blob,cilrate/blob,1669205007.286,NaN
putBatch,blob,cilrate/blob,1669205007.286,0.0020535210786106033
get,blob,cilrate/blob,1669205014.286,0.002678430044955308
put,blob,cilrate/blob,1669205014.286,NaN
putBatch,blob,cilrate/blob,1669205014.286,0.0020535210786106033
get,blob,cilrate/blob,1669205021.286,0.0026730957834313366
put,blob,cilrate/blob,1669205021.286,NaN
putBatch,blob,cilrate/blob,1669205021.286,0.0020128811466517856
get,blob,cilrate/blob,1669205028.286,0.0026730957834313366
put,blob,cilrate/blob,1669205028.286,NaN
putBatch,blob,cilrate/blob,1669205028.286,0.0020128811466517856
get,blob,cilrate/blob,1669205035.286,0.00655563948064267
put,blob,cilrate/blob,1669205035.286,NaN
putBatch,blob,cilrate/blob,1669205035.286,0.005133710179898403
get,blob,cilrate/blob,1669205042.286,0.00655563948064267
put,blob,cilrate/blob,1669205042.286,NaN
putBatch,blob,cilrate/blob,1669205042.286,0.005133710179898403
get,blob,cilrate/blob,1669205049.286,0.01068669300864545
put,blob,cilrate/blob,1669205049.286,NaN
putBatch,blob,cilrate/blob,1669205049.286,0.008892761819865504
get,blob,cilrate/blob,1669205056.286,0.01068669300864545
put,blob,cilrate/blob,1669205056.286,NaN
putBatch,blob,cilrate/blob,1669205056.286,0.008892761819865504
get,blob,cilrate/blob,1669205063.286,0.01630675264132554
put,blob,cilrate/blob,1669205063.286,NaN
putBatch,blob,cilrate/blob,1669205063.286,0.014756480784108458
get,blob,cilrate/blob,1669205070.286,0.01630675264132554
put,blob,cilrate/blob,1669205070.286,NaN
putBatch,blob,cilrate/blob,1669205070.286,0.014756480784108458
get,blob,cilrate/blob,1669205077.286,0.012118026343048332
put,blob,cilrate/blob,1669205077.286,NaN
putBatch,blob,cilrate/blob,1669205077.286,0.010664482059083635
get,blob,cilrate/blob,1669205084.286,0.012118026343048332
put,blob,cilrate/blob,1669205084.286,NaN
putBatch,blob,cilrate/blob,1669205084.286,0.010664482059083635
get,blob,cilrate/blob,1669205091.286,0.012118026343048332
put,blob,cilrate/blob,1669205091.286,NaN
putBatch,blob,cilrate/blob,1669205091.286,0.010664482059083635
get,blob,cilrate/blob,1669205098.286,0.008978879808530082
put,blob,cilrate/blob,1669205098.286,NaN
putBatch,blob,cilrate/blob,1669205098.286,0.007637106098323485
get,blob,cilrate/blob,1669205105.286,0.008978879808530082
put,blob,cilrate/blob,1669205105.286,NaN
putBatch,blob,cilrate/blob,1669205105.286,0.007637106098323485
get,blob,cilrate/blob,1669205112.286,0.004652468497377646
put,blob,cilrate/blob,1669205112.286,NaN
putBatch,blob,cilrate/blob,1669205112.286,0.0036798976650256
get,blob,cilrate/blob,1669205119.286,0.004652468497377646
put,blob,cilrate/blob,1669205119.286,NaN
putBatch,blob,cilrate/blob,1669205119.286,0.0036798976650256
get,blob,cilrate/blob,1669205126.286,0.00338744790625
put,blob,cilrate/blob,1669205126.286,NaN
putBatch,blob,cilrate/blob,1669205126.286,0.0025231831820785146
get,blob,cilrate/blob,1669205133.286,0.00338744790625
put,blob,cilrate/blob,1669205133.286,NaN
putBatch,blob,cilrate/blob,1669205133.286,0.0025231831820785146
get,blob,cilrate/blob,1669205140.286,0.006632360412185969
put,blob,cilrate/blob,1669205140.286,NaN
putBatch,blob,cilrate/blob,1669205140.286,0.005054483871431299
get,blob,cilrate/blob,1669205147.286,0.006632360412185969
put,blob,cilrate/blob,1669205147.286,NaN
putBatch,blob,cilrate/blob,1669205147.286,0.005054483871431299
get,blob,cilrate/blob,1669205154.286,0.010870270382029684
put,blob,cilrate/blob,1669205154.286,NaN
putBatch,blob,cilrate/blob,1669205154.286,0.009203935727867155
get,blob,cilrate/blob,1669205161.286,0.010870270382029684
put,blob,cilrate/blob,1669205161.286,NaN
putBatch,blob,cilrate/blob,1669205161.286,0.009203935727867155
get,blob,cilrate/blob,1669205168.286,0.0181573007397614
put,blob,cilrate/blob,1669205168.286,NaN
putBatch,blob,cilrate/blob,1669205168.286,0.016106988023834118
get,blob,cilrate/blob,1669205175.286,0.0181573007397614
put,blob,cilrate/blob,1669205175.286,NaN
putBatch,blob,cilrate/blob,1669205175.286,0.016106988023834118
get,blob,cilrate/blob,1669205182.286,0.02084996313790352
put,blob,cilrate/blob,1669205182.286,NaN
putBatch,blob,cilrate/blob,1669205182.286,0.01946042560354912
get,blob,cilrate/blob,1669205189.286,0.02084996313790352
put,blob,cilrate/blob,1669205189.286,NaN
putBatch,blob,cilrate/blob,1669205189.286,0.01946042560354912
get,blob,cilrate/blob,1669205196.286,0.02084996313790352
put,blob,cilrate/blob,1669205196.286,NaN
putBatch,blob,cilrate/blob,1669205196.286,0.01946042560354912
get,blob,cilrate/blob,1669205203.286,0.015786560808629918
put,blob,cilrate/blob,1669205203.286,NaN
putBatch,blob,cilrate/blob,1669205203.286,0.014092981688805776
get,blob,cilrate/blob,1669205210.286,0.015786560808629918
put,blob,cilrate/blob,1669205210.286,NaN
putBatch,blob,cilrate/blob,1669205210.286,0.014092981688805776
get,blob,cilrate/blob,1669205217.286,0.006350346637708016
put,blob,cilrate/blob,1669205217.286,NaN
putBatch,blob,cilrate/blob,1669205217.286,0.0051835009850010865
get,blob,cilrate/blob,1669205224.286,0.006350346637708016
put,blob,cilrate/blob,1669205224.286,NaN
putBatch,blob,cilrate/blob,1669205224.286,0.0051835009850010865
get,blob,cilrate/blob,1669205231.286,0.0031678222664740293
put,blob,cilrate/blob,1669205231.286,NaN
putBatch,blob,cilrate/blob,1669205231.286,0.0023724041899810967
get,blob,cilrate/blob,1669205238.286,0.0031678222664740293
put,blob,cilrate/blob,1669205238.286,NaN
putBatch,blob,cilrate/blob,1669205238.286,0.0023724041899810967
get,blob,cilrate/blob,1669205245.286,0.0037813624042024405
put,blob,cilrate/blob,1669205245.286,NaN
putBatch,blob,cilrate/blob,1669205245.286,0.0027938834116971985
get,blob,cilrate/blob,1669205252.286,0.0037813624042024405
put,blob,cilrate/blob,1669205252.286,NaN
putBatch,blob,cilrate/blob,1669205252.286,0.0027938834116971985
get,blob,cilrate/blob,1669205259.286,0.007958179349494273
put,blob,cilrate/blob,1669205259.286,NaN
putBatch,blob,cilrate/blob,1669205259.286,0.0062487902075492275
get,blob,cilrate/blob,1669205266.286,0.007958179349494273
put,blob,cilrate/blob,1669205266.286,NaN
putBatch,blob,cilrate/blob,1669205266.286,0.0062487902075492275
get,blob,cilrate/blob,1669205273.286,0.011963397051542925
put,blob,cilrate/blob,1669205273.286,NaN
putBatch,blob,cilrate/blob,1669205273.286,0.010195852283593654
get,blob,cilrate/blob,1669205280.286,0.011963397051542925
put,blob,cilrate/blob,1669205280.286,NaN
putBatch,blob,cilrate/blob,1669205280.286,0.010195852283593654
get,blob,cilrate/blob,1669205287.286,0.01324429950791206
put,blob,cilrate/blob,1669205287.286,NaN
putBatch,blob,cilrate/blob,1669205287.286,0.011706529982099144
get,blob,cilrate/blob,1669205294.286,0.01324429950791206
put,blob,cilrate/blob,1669205294.286,NaN
putBatch,blob,cilrate/blob,1669205294.286,0.011706529982099144
